scenario,metric,comparator,difference,mcse,ci_low,ci_high
balanced,agreement,Correlation,0.117666666667,0.0153317595445,0.0872451294809,0.148088203852
balanced,agreement,Decision only,-0.0216666666667,0.00360430594211,-0.0288183916157,-0.0145149417176
balanced,agreement,Local only,0.001,0.000848184169908,-0.000682981407999,0.002682981408
balanced,agreement,Equal weights,0.001,0.000848184169908,-0.000682981407999,0.002682981408
balanced,agreement,No local component,-0.0278333333333,0.00390727974643,-0.0355862240408,-0.0200804426259
balanced,regret,Correlation,-0.00845692961111,0.000965710865686,-0.0103731094811,-0.00654074974108
balanced,regret,Decision only,0.00067691851357,9.6475424614e-05,0.000485490340639,0.0008683466865
balanced,regret,Local only,-4.66508438582e-05,3.31193105502e-05,-0.000112366741277,1.90650535602e-05
balanced,regret,Equal weights,-4.66508438582e-05,3.31193105502e-05,-0.000112366741277,1.90650535602e-05
balanced,regret,No local component,0.000786434508697,9.95317571589e-05,0.000588941908921,0.000983927108473
balanced,local_error,Correlation,-0.162033333333,0.00551070685223,-0.172967771285,-0.151098895382
balanced,local_error,Decision only,-0.1285,0.0096297769349,-0.147607566634,-0.109392433366
balanced,local_error,Local only,0.0036,0.00255431678364,-0.00146831866183,0.00866831866183
balanced,local_error,Equal weights,0.0036,0.00255431678364,-0.00146831866183,0.00866831866183
balanced,local_error,No local component,-0.1682,0.00730134129707,-0.182687445171,-0.153712554829
heterogeneous,agreement,Correlation,0.136,0.0164680420369,0.103323831831,0.168676168169
heterogeneous,agreement,Decision only,-0.0276666666667,0.0041723530222,-0.0359455202613,-0.019387813072
heterogeneous,agreement,Local only,0,0,0,0
heterogeneous,agreement,Equal weights,0,0,0,0
heterogeneous,agreement,No local component,-0.0321666666667,0.00439527728383,-0.0408878503602,-0.0234454829732
heterogeneous,regret,Correlation,-0.00990060291224,0.0010313491937,-0.0119470234654,-0.0078541823591
heterogeneous,regret,Decision only,0.000870293225626,0.000111148328429,0.000649750828217,0.00109083562303
heterogeneous,regret,Local only,0,0,0,0
heterogeneous,regret,Equal weights,0,0,0,0
heterogeneous,regret,No local component,0.00105890237931,0.000112136868004,0.000836398504917,0.0012814062537
heterogeneous,local_error,Correlation,-0.2863,0.0210568092162,-0.328081277793,-0.244518722207
heterogeneous,local_error,Decision only,-0.3899,0.023526208849,-0.436581102405,-0.343218897595
heterogeneous,local_error,Local only,0,0,0,0
heterogeneous,local_error,Equal weights,0,0,0,0
heterogeneous,local_error,No local component,-0.491166666667,0.0132428219974,-0.517443298561,-0.464890034773
noisy,agreement,Correlation,0.0508333333333,0.00945001321266,0.0320824569241,0.0695842097426
noisy,agreement,Decision only,-0.00683333333333,0.00341725173606,-0.0136139021559,-5.27645108037e-05
noisy,agreement,Local only,0.0221666666667,0.00740845741716,0.00746667987443,0.0368666534589
noisy,agreement,Equal weights,0.00166666666667,0.00270614713629,-0.00370291635464,0.00703624968797
noisy,agreement,No local component,-0.011,0.00368681333845,-0.0183154375235,-0.00368456247651
noisy,regret,Correlation,-0.00421172604545,0.000745912792996,-0.00569177885371,-0.00273167323718
noisy,regret,Decision only,0.000379768292561,0.00017969804063,2.32083941761e-05,0.000736328190946
noisy,regret,Local only,-0.00193079678405,0.000568037981263,-0.00305790737562,-0.000803686192486
noisy,regret,Equal weights,-0.000104240107333,0.000181436519646,-0.000464249525252,0.000255769310586
noisy,regret,No local component,0.000668160076824,0.000188398254554,0.000294337066489,0.00104198308716
noisy,local_error,Correlation,-0.0450666666667,0.00777770274134,-0.0604993162904,-0.0296340170429
noisy,local_error,Decision only,-0.0325333333333,0.00763301353483,-0.0476788881808,-0.0173877784858
noisy,local_error,Local only,0.0379333333333,0.00651300692916,0.0250101145787,0.050856552088
noisy,local_error,Equal weights,0.0209666666667,0.00576363751429,0.009530359408,0.0324029739253
noisy,local_error,No local component,-0.0521,0.00707799343185,-0.0661442745507,-0.0380557254493
shifted,agreement,Correlation,-0.260166666667,0.0172065666869,-0.294308227965,-0.226025105368
shifted,agreement,Decision only,-0.296666666667,0.0193786766542,-0.335118165383,-0.25821516795
shifted,agreement,Local only,0.004,0.004,-0.00393686780635,0.0119368678063
shifted,agreement,Equal weights,0.004,0.004,-0.00393686780635,0.0119368678063
shifted,agreement,No local component,-0.375166666667,0.0133280608262,-0.40161243089,-0.348720902444
shifted,regret,Correlation,0.0262005226608,0.00124888543023,0.0237224630196,0.0286785823021
shifted,regret,Decision only,0.0254313149416,0.0016874305094,0.0220830867203,0.028779543163
shifted,regret,Local only,-0.00042542994174,0.00042542994174,-0.00126957524385,0.000418715360373
shifted,regret,Equal weights,-0.00042542994174,0.00042542994174,-0.00126957524385,0.000418715360373
shifted,regret,No local component,0.0323304951213,0.00118361713976,0.0299819419284,0.0346790483142
shifted,local_error,Correlation,0.0819,0.00495733876509,0.0720635643875,0.0917364356125
shifted,local_error,Decision only,0.0383666666667,0.00534562871442,0.0277597795546,0.0489735537787
shifted,local_error,Local only,-0.000733333333333,0.000733333333333,-0.0021884257645,0.00072175909783
shifted,local_error,Equal weights,-0.000733333333333,0.000733333333333,-0.0021884257645,0.00072175909783
shifted,local_error,No local component,0.0503666666667,0.00535326557353,0.0397446263693,0.060988706964
