scenario,method,metric,mean,mcse,ci_low,ci_high
balanced,PROXIMA,agreement,0.9195,0.00366264701616,0.912232513703,0.926767486297
balanced,PROXIMA,regret,0.00148706892577,8.98710964613e-05,0.00130874517271,0.00166539267883
balanced,PROXIMA,local_error,0.152666666667,0.00364440748934,0.145435371548,0.159897961786
balanced,Correlation,agreement,0.801833333333,0.0154558402112,0.771165593185,0.832501073481
balanced,Correlation,regret,0.00994399853688,0.000968080253663,0.00802311728706,0.0118648797867
balanced,Correlation,local_error,0.3147,0.00453273292716,0.305706074489,0.323693925511
balanced,Decision only,agreement,0.941166666667,0.0032519958475,0.93471400138,0.947619331954
balanced,Decision only,regret,0.0008101504122,6.28473343333e-05,0.000685447666054,0.000934853158346
balanced,Decision only,local_error,0.281166666667,0.0100017254404,0.261321073503,0.301012259831
balanced,Local only,agreement,0.9185,0.00363835874001,0.911280706912,0.925719293088
balanced,Local only,regret,0.00153371976963,9.09488610168e-05,0.00135325749787,0.00171418204138
balanced,Local only,local_error,0.149066666667,0.00250569721206,0.144094819783,0.15403851355
balanced,Equal weights,agreement,0.9185,0.00363835874001,0.911280706912,0.925719293088
balanced,Equal weights,regret,0.00153371976963,9.09488610168e-05,0.00135325749787,0.00171418204138
balanced,Equal weights,local_error,0.149066666667,0.00250569721206,0.144094819783,0.15403851355
balanced,No local component,agreement,0.947333333333,0.00291788094012,0.941543624509,0.953123042157
balanced,No local component,regret,0.000700634417073,5.39025722297e-05,0.000593680019521,0.000807588814625
balanced,No local component,local_error,0.320866666667,0.00700755084171,0.306962165497,0.334771167836
balanced,Fixed faithful,agreement,0.9185,0.00363835874001,0.911280706912,0.925719293088
balanced,Fixed faithful,regret,0.00153371976963,9.09488610168e-05,0.00135325749787,0.00171418204138
balanced,Fixed faithful,local_error,0.149066666667,0.00250569721206,0.144094819783,0.15403851355
balanced,Fixed offset,agreement,0.666166666667,0.00696896680409,0.652338724599,0.679994608734
balanced,Fixed offset,regret,0.018581158331,0.000484149204397,0.0176205012726,0.0195418153895
balanced,Fixed offset,local_error,0.2949,0.00365684481885,0.287644026521,0.302155973479
balanced,Fixed local_reversal,agreement,0.9505,0.00259991150674,0.945341211516,0.955658788484
balanced,Fixed local_reversal,regret,0.000632189711172,4.34960570079e-05,0.000545884097529,0.000718495324814
balanced,Fixed local_reversal,local_error,0.339366666667,0.00475757886723,0.32992659803,0.348806735304
balanced,Fixed unrelated,agreement,0.496,0.00646201019479,0.48317796983,0.50882203017
balanced,Fixed unrelated,regret,0.0503980702889,0.00103731870113,0.048339804938,0.0524563356399
balanced,Fixed unrelated,local_error,0.4987,0.00304028138281,0.492667422143,0.504732577857
balanced,Uniform proxy,agreement,0.757791666667,0.00256348613009,0.752705154032,0.762878179301
balanced,Uniform proxy,regret,0.0177862845252,0.000270817819529,0.0172489232169,0.0183236458335
balanced,Uniform proxy,local_error,0.320508333333,0.00215481396048,0.316232714945,0.324783951721
balanced,Always ship,agreement,0.502666666667,0.00645158086231,0.489865330555,0.515468002778
balanced,Always ship,regret,0.0482467983245,0.000799100751559,0.0466612090673,0.0498323875818
balanced,Always ship,local_error,0.4982,0.00470795110334,0.488858403614,0.507541596386
balanced,Never ship,agreement,0.497333333333,0.00645158086231,0.484531997222,0.510134669445
balanced,Never ship,regret,0.0485856857607,0.00089032815782,0.0468190815375,0.050352289984
balanced,Never ship,local_error,0.5018,0.00470795110334,0.492458403614,0.511141596386
heterogeneous,PROXIMA,agreement,0.919833333333,0.00418896390898,0.911521520136,0.928145146531
heterogeneous,PROXIMA,regret,0.00168028616683,0.000106845287288,0.00146828193659,0.00189229039706
heterogeneous,PROXIMA,local_error,0.100266666667,0.00186507868963,0.0965659459147,0.103967387419
heterogeneous,Correlation,agreement,0.783833333333,0.0159359249403,0.752213000928,0.815453665739
heterogeneous,Correlation,regret,0.0115808890791,0.00102756612996,0.00954197494513,0.013619803213
heterogeneous,Correlation,local_error,0.386566666667,0.0208156061953,0.345263987996,0.427869345337
heterogeneous,Decision only,agreement,0.9475,0.00319910726885,0.941152277127,0.953847722873
heterogeneous,Decision only,regret,0.000809992941203,7.60922518259e-05,0.000659009405246,0.000960976477161
heterogeneous,Decision only,local_error,0.490166666667,0.0234366818974,0.443663205157,0.536670128176
heterogeneous,Local only,agreement,0.919833333333,0.00418896390898,0.911521520136,0.928145146531
heterogeneous,Local only,regret,0.00168028616683,0.000106845287288,0.00146828193659,0.00189229039706
heterogeneous,Local only,local_error,0.100266666667,0.00186507868963,0.0965659459147,0.103967387419
heterogeneous,Equal weights,agreement,0.919833333333,0.00418896390898,0.911521520136,0.928145146531
heterogeneous,Equal weights,regret,0.00168028616683,0.000106845287288,0.00146828193659,0.00189229039706
heterogeneous,Equal weights,local_error,0.100266666667,0.00186507868963,0.0965659459147,0.103967387419
heterogeneous,No local component,agreement,0.952,0.00292326094378,0.946199616081,0.957800383919
heterogeneous,No local component,regret,0.00062138378752,5.26705183484e-05,0.000516874052165,0.000725893522876
heterogeneous,No local component,local_error,0.591433333333,0.0129570000234,0.565723834245,0.617142832422
heterogeneous,Fixed faithful,agreement,0.919833333333,0.00418896390898,0.911521520136,0.928145146531
heterogeneous,Fixed faithful,regret,0.00168028616683,0.000106845287288,0.00146828193659,0.00189229039706
heterogeneous,Fixed faithful,local_error,0.100266666667,0.00186507868963,0.0965659459147,0.103967387419
heterogeneous,Fixed offset,agreement,0.649833333333,0.00603717904855,0.637854260325,0.661812406341
heterogeneous,Fixed offset,regret,0.0197734153638,0.00045596058298,0.0188686906458,0.0206781400818
heterogeneous,Fixed offset,local_error,0.209233333333,0.00236598368293,0.204538708402,0.213927958264
heterogeneous,Fixed local_reversal,agreement,0.9545,0.0027509308699,0.949041556335,0.959958443665
heterogeneous,Fixed local_reversal,regret,0.000547694959731,3.8912418143e-05,0.000470484280024,0.000624905639437
heterogeneous,Fixed local_reversal,local_error,0.621833333333,0.0039967368845,0.613902940256,0.629763726411
heterogeneous,Fixed unrelated,agreement,0.501,0.00651261402312,0.488077560856,0.513922439144
heterogeneous,Fixed unrelated,regret,0.0486037882563,0.000870735164396,0.0468760607827,0.0503315157298
heterogeneous,Fixed unrelated,local_error,0.498433333333,0.00301081291155,0.492459227316,0.50440743935
heterogeneous,Uniform proxy,agreement,0.756291666667,0.002649496887,0.75103449003,0.761548843303
heterogeneous,Uniform proxy,regret,0.0176512961867,0.000241005515725,0.0171730889569,0.0181295034164
heterogeneous,Uniform proxy,local_error,0.357441666667,0.00152150940879,0.354422661906,0.360460671428
heterogeneous,Always ship,agreement,0.495666666667,0.00591570035264,0.483928633746,0.507404699587
heterogeneous,Always ship,regret,0.0480348936701,0.000852076593652,0.0463441888489,0.0497255984913
heterogeneous,Always ship,local_error,0.499966666667,0.00329114548574,0.493436320004,0.50649701333
heterogeneous,Never ship,agreement,0.504333333333,0.00591570035264,0.492595300413,0.516071366254
heterogeneous,Never ship,regret,0.0472532864644,0.000781609182866,0.0457024042743,0.0488041686546
heterogeneous,Never ship,local_error,0.500033333333,0.00329114548574,0.49350298667,0.506563679996
noisy,PROXIMA,agreement,0.855166666667,0.00459159799701,0.846055940086,0.864277393247
noisy,PROXIMA,regret,0.00513534406017,0.000255809527996,0.00462776245835,0.005642925662
noisy,PROXIMA,local_error,0.2901,0.00683646639188,0.276534967496,0.303665032504
noisy,Correlation,agreement,0.804333333333,0.010215467685,0.784063629184,0.824603037482
noisy,Correlation,regret,0.00934707010562,0.000755671852752,0.00784765320555,0.0108464870057
noisy,Correlation,local_error,0.335166666667,0.00649378101873,0.322281596289,0.348051737044
noisy,Decision only,agreement,0.862,0.00459395005462,0.852884606427,0.871115393573
noisy,Decision only,regret,0.00475557576761,0.000238623550175,0.00428209487431,0.00522905666092
noisy,Decision only,local_error,0.322633333333,0.00729378607967,0.308160879353,0.337105787314
noisy,Local only,agreement,0.833,0.00743086353558,0.818255554608,0.847744445392
noisy,Local only,regret,0.00706614084423,0.000540041489986,0.00599458136523,0.00813770032322
noisy,Local only,local_error,0.252166666667,0.00358928915428,0.245044738283,0.259288595051
noisy,Equal weights,agreement,0.8535,0.00435061949741,0.844867427043,0.862132572957
noisy,Equal weights,regret,0.00523958416751,0.000230636242322,0.00478195182584,0.00569721650917
noisy,Equal weights,local_error,0.269133333333,0.00581005359557,0.257604926499,0.280661740167
noisy,No local component,agreement,0.866166666667,0.0044156580387,0.857405043134,0.874928290199
noisy,No local component,regret,0.00446718398335,0.000221340505665,0.00402799639993,0.00490637156676
noisy,No local component,local_error,0.3422,0.00714358431444,0.328025578908,0.356374421092
noisy,Fixed faithful,agreement,0.852666666667,0.0041891313597,0.84435452121,0.860978812123
noisy,Fixed faithful,regret,0.00535433256758,0.000217829644991,0.00492211129343,0.00578655384173
noisy,Fixed faithful,local_error,0.244933333333,0.0026588606287,0.239657577002,0.250209089665
noisy,Fixed offset,agreement,0.6775,0.00579472553237,0.666002007369,0.688997992631
noisy,Fixed offset,regret,0.0193616690193,0.000491477305005,0.0183864714194,0.0203368666192
noisy,Fixed offset,local_error,0.2939,0.00306240920981,0.287823515733,0.299976484267
noisy,Fixed local_reversal,agreement,0.869666666667,0.00437047023797,0.860994705534,0.878338627799
noisy,Fixed local_reversal,regret,0.00411405439975,0.000209151145846,0.00369905315072,0.00452905564878
noisy,Fixed local_reversal,local_error,0.385733333333,0.00333537984315,0.379115216109,0.392351450558
noisy,Fixed unrelated,agreement,0.51,0.00626751194242,0.49756389656,0.52243610344
noisy,Fixed unrelated,regret,0.0469944583559,0.000886902676896,0.04523465103,0.0487542656818
noisy,Fixed unrelated,local_error,0.493733333333,0.00287302559931,0.488032627237,0.49943403943
noisy,Uniform proxy,agreement,0.727458333333,0.00268277894915,0.722135117865,0.732781548802
noisy,Uniform proxy,regret,0.0189561285856,0.000262186002926,0.0184358946742,0.0194763624971
noisy,Uniform proxy,local_error,0.354575,0.00192389921447,0.350757566566,0.358392433434
noisy,Always ship,agreement,0.5005,0.00587206955833,0.488848540041,0.512151459959
noisy,Always ship,regret,0.0478389733649,0.000877863641286,0.0460971014467,0.0495808452831
noisy,Always ship,local_error,0.502033333333,0.00425318128772,0.493594098924,0.510472567743
noisy,Never ship,agreement,0.4995,0.00587206955833,0.487848540041,0.511151459959
noisy,Never ship,regret,0.047070375931,0.000736443143539,0.0456091129618,0.0485316389003
noisy,Never ship,local_error,0.497966666667,0.00425318128772,0.489527432257,0.506405901076
shifted,PROXIMA,agreement,0.543833333333,0.00706969870155,0.529805517327,0.55786114934
shifted,PROXIMA,regret,0.0358931951866,0.000747492554528,0.0344100077888,0.0373763825845
shifted,PROXIMA,local_error,0.403133333333,0.0040365390605,0.395123964104,0.411142702563
shifted,Correlation,agreement,0.804,0.0159476556792,0.772356391263,0.835643608737
shifted,Correlation,regret,0.00969267252581,0.00097882454164,0.00775047227766,0.011634872774
shifted,Correlation,local_error,0.321233333333,0.004611179262,0.312083753275,0.330382913392
shifted,Decision only,agreement,0.8405,0.0190210100034,0.802758189515,0.878241810485
shifted,Decision only,regret,0.010461880245,0.0016775931341,0.00713317151044,0.0137905889795
shifted,Decision only,local_error,0.364766666667,0.00536590537713,0.354119546257,0.375413787077
shifted,Local only,agreement,0.539833333333,0.00587417162295,0.528177702423,0.551488964244
shifted,Local only,regret,0.0363186251284,0.000660760187156,0.0350075335641,0.0376297166927
shifted,Local only,local_error,0.403866666667,0.00392457508048,0.396079458264,0.411653875069
shifted,Equal weights,agreement,0.539833333333,0.00587417162295,0.528177702423,0.551488964244
shifted,Equal weights,regret,0.0363186251284,0.000660760187156,0.0350075335641,0.0376297166927
shifted,Equal weights,local_error,0.403866666667,0.00392457508048,0.396079458264,0.411653875069
shifted,No local component,agreement,0.919,0.0121416536389,0.894908325029,0.943091674971
shifted,No local component,regret,0.00356270006533,0.00106694352847,0.00144565262975,0.0056797475009
shifted,No local component,local_error,0.352766666667,0.00502408453002,0.342797792976,0.362735540357
shifted,Fixed faithful,agreement,0.539833333333,0.00587417162295,0.528177702423,0.551488964244
shifted,Fixed faithful,regret,0.0363186251284,0.000660760187156,0.0350075335641,0.0376297166927
shifted,Fixed faithful,local_error,0.403866666667,0.00392457508048,0.396079458264,0.411653875069
shifted,Fixed offset,agreement,0.651833333333,0.00648271032122,0.638970229622,0.664696437045
shifted,Fixed offset,regret,0.0191292525707,0.000445143878394,0.0182459905413,0.0200125146001
shifted,Fixed offset,local_error,0.2965,0.00346325103683,0.289628158585,0.303371841415
shifted,Fixed local_reversal,agreement,0.953666666667,0.00256869699748,0.948569814541,0.958763518793
shifted,Fixed local_reversal,regret,0.00052776499716,3.75042316385e-05,0.000453348464986,0.000602181529333
shifted,Fixed local_reversal,local_error,0.3482,0.00458378051078,0.339104785008,0.357295214992
shifted,Fixed unrelated,agreement,0.490333333333,0.00670100583769,0.477037083958,0.503629582709
shifted,Fixed unrelated,regret,0.0495623051361,0.00100451170476,0.0475691359834,0.0515554742887
shifted,Fixed unrelated,local_error,0.500966666667,0.00259555650685,0.495816519447,0.506116813886
shifted,Uniform proxy,agreement,0.658916666667,0.00352212622945,0.651928004097,0.665905329237
shifted,Uniform proxy,regret,0.0263844869581,0.0003592971256,0.0256715635108,0.0270974104053
shifted,Uniform proxy,local_error,0.387383333333,0.00239741899657,0.38262633392,0.392140332746
shifted,Always ship,agreement,0.486333333333,0.00617905298953,0.474072751647,0.49859391502
shifted,Always ship,regret,0.0488515881431,0.000894077912567,0.0470775435929,0.0506256326932
shifted,Always ship,local_error,0.5073,0.00476441518723,0.497846366621,0.516753633379
shifted,Never ship,agreement,0.513666666667,0.00617905298953,0.50140608498,0.525927248353
shifted,Never ship,regret,0.0467831239015,0.000949997512115,0.044898122734,0.048668125069
shifted,Never ship,local_error,0.4927,0.00476441518723,0.483246366621,0.502153633379
