exp_id,segment,treatment,n,visit,conversion
0,0,0,18699,1187,73
0,0,1,106023,8967,614
0,1,0,6733,141,10
0,1,1,38259,1022,58
0,2,0,7524,100,2
0,2,1,41034,762,29
0,3,0,9153,97,4
0,3,1,50186,632,19
1,0,0,18638,1264,75
1,0,1,106196,8954,639
1,1,0,6768,160,5
1,1,1,38257,1019,67
1,2,0,7440,129,5
1,2,1,41056,736,28
1,3,0,9111,98,4
1,3,1,50182,722,23
2,0,0,18755,1145,67
2,0,1,106531,8963,593
2,1,0,6695,176,8
2,1,1,38011,1053,49
2,2,0,7429,124,7
2,2,1,40844,712,31
2,3,0,9109,117,4
2,3,1,50444,644,17
3,0,0,18839,1232,72
3,0,1,105688,8965,635
3,1,0,6820,139,8
3,1,1,37964,967,51
3,2,0,7319,116,7
3,2,1,40877,737,32
3,3,0,8993,117,2
3,3,1,49895,644,31
4,0,0,18849,1267,57
4,0,1,106377,9063,618
4,1,0,6839,143,2
4,1,1,38145,1032,52
4,2,0,7339,97,3
4,2,1,41044,697,30
4,3,0,9041,117,2
4,3,1,50054,655,26
5,0,0,18671,1221,77
5,0,1,106627,9150,619
5,1,0,6800,132,8
5,1,1,38311,1033,50
5,2,0,7262,114,5
5,2,1,41269,756,35
5,3,0,9049,131,5
5,3,1,50551,674,27
6,0,0,19032,1254,55
6,0,1,106851,9192,614
6,1,0,6875,131,6
6,1,1,38011,1046,49
6,2,0,7429,118,7
6,2,1,40954,752,33
6,3,0,9033,101,1
6,3,1,50199,641,21
7,0,0,18713,1239,51
7,0,1,106925,8969,605
7,1,0,6798,153,4
7,1,1,37879,993,39
7,2,0,7340,112,6
7,2,1,40905,687,28
7,3,0,8993,121,3
7,3,1,50141,650,25
8,0,0,18639,1253,81
8,0,1,106337,8962,618
8,1,0,6696,166,2
8,1,1,37815,993,34
8,2,0,7400,108,8
8,2,1,40948,698,29
8,3,0,9218,127,3
8,3,1,50443,701,20
9,0,0,18673,1220,75
9,0,1,106636,9089,612
9,1,0,6901,159,2
9,1,1,38166,1025,52
9,2,0,7201,98,2
9,2,1,41076,686,32
9,3,0,9178,95,5
9,3,1,50129,643,27
10,0,0,18754,1285,54
10,0,1,106204,9043,579
10,1,0,6673,169,5
10,1,1,38153,1015,41
10,2,0,7547,123,5
10,2,1,40975,680,22
10,3,0,9219,108,7
10,3,1,50343,675,30
11,0,0,18501,1161,72
11,0,1,106021,9208,600
11,1,0,6789,156,6
11,1,1,38340,1038,66
11,2,0,7423,112,4
11,2,1,40931,730,30
11,3,0,9079,91,4
11,3,1,50103,696,33
12,0,0,18745,1264,69
12,0,1,106283,9169,642
12,1,0,6838,159,6
12,1,1,38239,1015,52
12,2,0,7501,101,5
12,2,1,40915,761,38
12,3,0,9206,108,5
12,3,1,50282,647,23
13,0,0,18642,1155,61
13,0,1,106734,9125,620
13,1,0,6956,150,8
13,1,1,38119,1043,55
13,2,0,7489,129,4
13,2,1,40827,725,33
13,3,0,9013,108,3
13,3,1,50332,618,18
14,0,0,18777,1237,62
14,0,1,106386,9275,606
14,1,0,6956,153,4
14,1,1,38044,1007,51
14,2,0,7347,108,1
14,2,1,41341,706,26
14,3,0,8981,104,5
14,3,1,50461,642,20
15,0,0,18874,1255,64
15,0,1,106158,9028,652
15,1,0,6823,175,9
15,1,1,37963,943,44
15,2,0,7355,128,7
15,2,1,41068,701,31
15,3,0,8939,130,4
15,3,1,49877,641,19
16,0,0,18587,1184,68
16,0,1,105618,8884,592
16,1,0,6766,168,5
16,1,1,38015,965,39
16,2,0,7350,119,4
16,2,1,41073,751,34
16,3,0,9197,116,6
16,3,1,50079,650,25
17,0,0,18566,1220,56
17,0,1,106395,9007,634
17,1,0,6787,165,11
17,1,1,37993,1082,61
17,2,0,7410,120,5
17,2,1,40710,684,26
17,3,0,9061,118,4
17,3,1,50077,653,29
18,0,0,18544,1220,66
18,0,1,106269,9106,618
18,1,0,6835,154,3
18,1,1,37642,1037,52
18,2,0,7364,113,2
18,2,1,41180,731,35
18,3,0,9171,117,5
18,3,1,49913,679,26
19,0,0,18736,1263,57
19,0,1,106234,9058,631
19,1,0,6742,160,9
19,1,1,38005,1004,50
19,2,0,7473,104,4
19,2,1,41010,738,36
19,3,0,9190,108,4
19,3,1,50416,655,11
20,0,0,18627,1239,83
20,0,1,107116,9146,632
20,1,0,6637,131,6
20,1,1,38105,1045,49
20,2,0,7376,119,7
20,2,1,40831,740,43
20,3,0,8983,104,4
20,3,1,50389,657,9
21,0,0,18663,1224,64
21,0,1,106651,9123,647
21,1,0,6867,160,6
21,1,1,37971,943,49
21,2,0,7266,104,7
21,2,1,40874,719,30
21,3,0,9170,113,5
21,3,1,51033,682,19
22,0,0,18780,1281,55
22,0,1,106450,9192,584
22,1,0,6945,152,8
22,1,1,37891,1006,47
22,2,0,7363,122,4
22,2,1,41059,718,29
22,3,0,9289,126,3
22,3,1,50051,674,30
23,0,0,18697,1170,64
23,0,1,106214,9223,668
23,1,0,6907,147,5
23,1,1,37886,1024,57
23,2,0,7309,102,3
23,2,1,41258,786,42
23,3,0,9036,110,2
23,3,1,49802,671,13
24,0,0,18487,1257,98
24,0,1,106650,9115,653
24,1,0,7032,157,5
24,1,1,38154,1075,58
24,2,0,7276,106,1
24,2,1,40951,699,39
24,3,0,9142,105,1
24,3,1,50305,689,28
25,0,0,18312,1181,70
25,0,1,106733,9168,662
25,1,0,6879,183,15
25,1,1,38084,1039,49
25,2,0,7275,106,5
25,2,1,40899,708,29
25,3,0,9090,113,2
25,3,1,50666,660,26
26,0,0,18565,1238,66
26,0,1,106399,9145,599
26,1,0,6740,149,8
26,1,1,38239,998,51
26,2,0,7432,110,5
26,2,1,40785,707,26
26,3,0,9099,106,1
26,3,1,50183,678,14
27,0,0,18738,1278,57
27,0,1,106595,9249,625
27,1,0,6871,156,5
27,1,1,38212,1005,55
27,2,0,7465,114,6
27,2,1,40715,711,29
27,3,0,9017,114,6
27,3,1,50410,683,25
28,0,0,18645,1236,67
28,0,1,106678,9155,582
28,1,0,6817,162,9
28,1,1,38040,1006,49
28,2,0,7389,134,8
28,2,1,40920,766,37
28,3,0,9170,105,4
28,3,1,49982,658,29
29,0,0,18628,1194,58
29,0,1,106590,9044,581
29,1,0,6865,158,10
29,1,1,38265,1058,44
29,2,0,7440,120,3
29,2,1,40712,742,30
29,3,0,9093,115,2
29,3,1,50229,683,25
30,0,0,18673,1241,72
30,0,1,106690,9180,646
30,1,0,6665,138,7
30,1,1,38232,1036,60
30,2,0,7362,112,5
30,2,1,40814,709,36
30,3,0,8952,123,1
30,3,1,50332,654,18
31,0,0,18665,1229,56
31,0,1,106518,8989,563
31,1,0,6660,156,6
31,1,1,38052,1034,47
31,2,0,7456,116,2
31,2,1,41223,731,30
31,3,0,9158,108,2
31,3,1,49932,674,23
32,0,0,18571,1175,70
32,0,1,105821,9070,570
32,1,0,6614,139,2
32,1,1,37952,1086,58
32,2,0,7313,125,1
32,2,1,41077,743,27
32,3,0,9087,114,3
32,3,1,50108,654,18
33,0,0,18671,1198,58
33,0,1,106209,9229,662
33,1,0,6842,153,3
33,1,1,38144,1033,41
33,2,0,7282,118,5
33,2,1,40910,738,27
33,3,0,9100,119,3
33,3,1,50231,666,21
34,0,0,19011,1180,73
34,0,1,106146,9026,659
34,1,0,6859,152,9
34,1,1,37826,1012,50
34,2,0,7395,121,3
34,2,1,41267,734,34
34,3,0,8841,108,2
34,3,1,50117,689,21
35,0,0,18670,1214,71
35,0,1,105794,9023,633
35,1,0,6951,141,6
35,1,1,38101,1011,58
35,2,0,7279,130,2
35,2,1,40732,729,44
35,3,0,9084,112,1
35,3,1,50213,637,28
36,0,0,18684,1198,68
36,0,1,106226,8955,593
36,1,0,6754,147,4
36,1,1,38257,1000,55
36,2,0,7509,109,6
36,2,1,41155,712,25
36,3,0,9013,129,1
36,3,1,50334,624,21
37,0,0,18339,1202,65
37,0,1,106172,8995,604
37,1,0,6848,160,4
37,1,1,38268,1052,63
37,2,0,7418,107,10
37,2,1,40903,714,33
37,3,0,8921,117,4
37,3,1,50430,680,23
38,0,0,18661,1179,76
38,0,1,106272,8921,602
38,1,0,6776,138,8
38,1,1,37991,966,50
38,2,0,7324,110,6
38,2,1,40881,694,34
38,3,0,9089,135,5
38,3,1,49851,641,19
39,0,0,18725,1208,75
39,0,1,106777,9168,629
39,1,0,6953,159,8
39,1,1,38008,1029,49
39,2,0,7362,114,5
39,2,1,41296,737,28
39,3,0,8904,111,3
39,3,1,50259,631,29
40,0,0,18674,1197,58
40,0,1,106532,9011,590
40,1,0,6707,133,9
40,1,1,38243,1030,46
40,2,0,7378,103,5
40,2,1,40809,789,34
40,3,0,8985,119,4
40,3,1,49799,634,13
41,0,0,18440,1250,56
41,0,1,106843,9180,580
41,1,0,6991,164,10
41,1,1,38004,980,44
41,2,0,7408,137,4
41,2,1,41186,758,37
41,3,0,9177,119,1
41,3,1,50386,620,21
42,0,0,18694,1206,69
42,0,1,106028,9038,656
42,1,0,6833,135,4
42,1,1,38110,984,48
42,2,0,7368,136,4
42,2,1,40457,698,20
42,3,0,9071,117,5
42,3,1,50146,667,23
43,0,0,18711,1219,65
43,0,1,106197,9083,620
43,1,0,6801,148,5
43,1,1,37948,1092,63
43,2,0,7510,103,3
43,2,1,41060,731,34
43,3,0,9000,104,2
43,3,1,50223,645,18
44,0,0,18349,1180,80
44,0,1,106289,9018,616
44,1,0,6872,136,4
44,1,1,37970,1037,55
44,2,0,7561,119,5
44,2,1,41275,715,41
44,3,0,9089,114,0
44,3,1,50239,686,32
45,0,0,18710,1302,72
45,0,1,106516,9121,653
45,1,0,6692,148,5
45,1,1,37865,1017,45
45,2,0,7409,121,6
45,2,1,41111,719,45
45,3,0,9071,121,1
45,3,1,49681,647,28
46,0,0,18572,1249,66
46,0,1,106529,9059,583
46,1,0,6813,148,6
46,1,1,38094,1002,54
46,2,0,7255,115,5
46,2,1,40665,737,30
46,3,0,8897,108,8
46,3,1,49965,674,25
47,0,0,18597,1201,68
47,0,1,106515,9098,616
47,1,0,6980,142,8
47,1,1,37910,988,53
47,2,0,7332,121,5
47,2,1,40812,700,32
47,3,0,9095,99,1
47,3,1,50565,663,23
48,0,0,18517,1211,62
48,0,1,106233,9001,640
48,1,0,6976,163,11
48,1,1,38001,1012,58
48,2,0,7339,101,4
48,2,1,41013,714,26
48,3,0,9041,111,4
48,3,1,50569,700,19
49,0,0,18758,1227,66
49,0,1,106797,9067,604
49,1,0,6786,169,9
49,1,1,38126,1053,51
49,2,0,7424,116,4
49,2,1,41051,791,43
49,3,0,9031,110,4
49,3,1,50427,654,21
