exp_id,proxy_effect,outcome_effect
0,0.012119510115679168,0.0009437364551075564
1,0.00915013220131973,0.0010906130980153825
2,0.011020071193401468,0.0008776321587487326
3,0.010041846687053532,0.0010745535697258015
4,0.009978298602598752,0.0015598861014406713
5,0.010803950197661727,0.0008138344837733255
6,0.011422898272316392,0.001409393328549989
7,0.009072848935637999,0.0014257776904462597
8,0.008778441821717171,0.0007354994490032128
9,0.01101534729056626,0.0010612278538650118
10,0.008491324691619048,0.0011686407385705614
11,0.013214143299000829,0.0010391120874115116
12,0.01058651489753154,0.0011930348178364292
13,0.012145865363824858,0.0012708891206184088
14,0.011143724655048003,0.0012640885807384363
15,0.007927818757061902,0.0011731481194058291
16,0.010040283643447112,0.0009579520348251382
17,0.009779625661724987,0.001371976004129826
18,0.010892029158587072,0.0012973487243588206
19,0.009808813080635512,0.001333121170780115
20,0.010738003288934449,0.0006976213080689339
21,0.01033038229982771,0.001195756752979134
22,0.00955693514972556,0.0012787066172092367
23,0.013321347679607923,0.0015528438089016565
24,0.010298253406018504,0.0007920166278393274
25,0.010874173985713637,0.0010266374020352189
26,0.010612861791670286,0.0010163894141335067
27,0.00988428166256839,0.001352970345474955
28,0.01021143998919817,0.0008639619584147325
29,0.011123139676435224,0.0011468288105778185
30,0.010299786563215133,0.0011786930231967876
31,0.010114975835786487,0.0012388852233358606
32,0.011825293459722122,0.001036759651296541
33,0.011634132593835222,0.0015420663304417633
34,0.011623341614805618,0.0011799324222749128
35,0.010505389015510298,0.0013435328048988205
36,0.010122491225752865,0.0010582814296188085
37,0.010332549136240862,0.001067761115306241
38,0.010430432148039043,0.000730051883714041
39,0.01097837046428568,0.0009403669647030433
40,0.011524606430438344,0.001081032972680733
41,0.009056421039392387,0.0011948764830105117
42,0.01052565281950351,0.0012282678969150855
43,0.011607262311303004,0.0013371941957572903
44,0.011594530429264178,0.0010300014362273446
45,0.008517963271132994,0.0012728026967965041
46,0.009763149329643818,0.0008951457314328448
47,0.011342705549710987,0.0011181775716964473
48,0.010580835881736132,0.0012163408622937048
49,0.010301145712777751,0.001065204765618367
