exp_id,0,1,2,3
0,0.0018872441668712206,3.0761126664230346e-05,0.0004409149482682855,-5.8423547175184604e-05
1,0.001993138874333323,0.0010125427995346392,9.952312707950926e-06,1.930192844615676e-05
2,0.001994074136262534,9.417894026156359e-05,-0.00018326792364511675,-0.00010211876446911009
3,0.002186391790465514,0.00017035740913370315,-0.0001735784969469908,0.0003989095436901425
4,0.002785493390184521,0.0010707788795307827,0.0003221478745258363,0.00029822453844748683
5,0.0016812412069677676,0.00012863760523394458,0.00015957865069956114,-1.8433179763798998e-05
6,0.0028564499482213765,0.00041637325080538877,-0.00013647123455170173,0.000307629834520647
7,0.0029327935362083884,0.00044118587887364137,-0.00013292579636407483,0.00016500117062300635
8,0.001465985119773112,0.0006004283256013879,-0.00037286578363065614,7.10369179621816e-05
9,0.0017226556019421533,0.00107265614286656,0.0005013045209405122,-6.170612832620266e-06
10,0.0025723863302719143,0.0003253324302728071,-0.00012560215490754582,-0.0001633893992903444
11,0.0017675746543673368,0.0008376571601257765,0.0001940751150871587,0.00021806603894380483
12,0.0023594952450423337,0.00048241865073903143,0.0002621769457990554,-8.57038991808987e-05
13,0.0025366520776099965,0.000292763765829356,0.0002741719280226621,2.4772821237426153e-05
14,0.0023943263133231474,0.0007655099156093525,0.0004928056275024028,-0.00016038518358121488
15,0.0027508805270639283,-0.0001600445992236731,-0.00019688789272051456,-6.654024118034921e-05
16,0.0019466342160662487,0.0002869217617126024,0.0002835767277475595,-0.0001531754015889862
17,0.002942660348065361,-1.5186624201566452e-05,-3.610011367060587e-05,0.0001376557950882559
18,0.002256327977681396,0.000942518293178016,0.0005783356227571275,-2.4290438954446955e-05
19,0.0028974464182938116,-1.9299089086897763e-05,0.0003425744041632051,-0.00021707100946242606
20,0.0014442482832018738,0.0003818975809627478,0.00010409754168430694,-0.0002666751283497082
21,0.0026372709892665664,0.00041671451479854266,-0.00022942822639394737,-0.00017294815608973356
22,0.0025574962321128526,8.849224763715874e-05,0.00016304386458819203,0.00027642597961641187
23,0.002866180710114064,0.0007806102541009447,0.0006075315245768229,3.9696818702637945e-05
24,0.0008218093524292262,0.0008091198933154142,0.0008149195429515389,0.00044721945639366223
25,0.0023797629175044844,-0.0008939199427546781,2.177856792304298e-05,0.00029314264470302874
26,0.002074675401985727,0.0001467732657237865,-3.5277142483497665e-05,0.00016907675003672733
27,0.002821367568390728,0.0007116423136162903,-9.148263141950494e-05,-0.00016947643496556585
28,0.0018622136442250797,-3.211106889792906e-05,-0.00017848716229919325,0.0001440038588373821
29,0.0023372003158083706,-0.00030678837321934313,0.00033365766770833996,0.00027777102874772177
30,0.0021990908575130596,0.0005191034105042267,0.00020288700601546895,0.0002459184864155271
31,0.002285223772931943,0.0003342509965026521,0.00045950872877229356,0.00024223815758726472
32,0.0016171367309729878,0.001225857333644051,0.0005205593530656379,2.908211495260038e-05
33,0.0031265717139391676,0.0006364058769463773,-2.6639220034788092e-05,8.839819375146165e-05
34,0.002368547724963256,9.697491680565754e-06,0.00041822336320575194,0.00019280074084847542
35,0.002180433745892096,0.0006590846034839346,0.0008054687419157837,0.0004475408559624068
36,0.0019429598167764557,0.000845403763640864,-0.00019158154668291868,0.00030626216827213875
37,0.00214452317485746,0.0010621719520665374,-0.0005412854684178175,7.697505077008027e-06
38,0.0015920445087367714,0.00013546363758495353,1.2457732050709337e-05,-0.00016897973962187274
39,0.0018854412687170433,0.00013861979082393518,-1.1315002187743065e-06,0.000240083858872496
40,0.002432319357328072,-0.00013904711056069103,0.00015545911933317262,-0.00018413700315110927
41,0.0023916496122607617,-0.00027263766180738087,0.000358406718129281,0.00030781436721174626
42,0.002496021073605193,0.0006741175296402003,-4.853613695880699e-05,-9.254643291989773e-05
43,0.002364313989563918,0.0009249805416328464,0.0004285891258481142,0.00013617930695763558
44,0.0014356091403256383,0.0008664398061946461,0.00033204918189718986,0.0006369553534106969
45,0.002282324866182408,0.00044127180046077115,0.0002847716655321578,0.0004533543120975566
46,0.001918951380094674,0.0005368767615726904,4.8555277132421976e-05,-0.0003988292535358094
47,0.0021267192830699846,0.0002519162032834515,0.00010214094150608438,0.00034490955881877285
48,0.0026762187721838192,-5.05592380596455e-05,8.891195111143712e-05,-6.670467690774877e-05
49,0.0021370908026297434,1.1409884661372138e-05,0.0005086844245047581,-2.6475263227455545e-05
